<?xml version="1.0" encoding="UTF-8"?>
<lint>
  <issue id="SyntheticAccessor" severity="error"/>

  <!-- View Binding bugs. -->
  <issue id="UnusedIds">
    <ignore regexp=".*"/>
  </issue>

  <issue id="LogConditional">
    <ignore regexp=".*"/>
  </issue>
  <issue id="DuplicateIncludedIds">
    <ignore regexp=".*"/>
  </issue>
  <issue id="ConvertToWebp">
    <ignore regexp=".*"/>
  </issue>
  <issue id="VectorPath">
    <ignore regexp=".*"/>
  </issue>

  <issue id="InvalidPackage">
    <ignore regexp=".*"/>
  </issue>
</lint>
